# fuel_overhead raw samples: one row per block, samples in nanoseconds, in run order
# seed=6000845620020262144 (0x5347494c2d443500) lengths=[0, 100, 500, 1000] max_samples=500 tool_sha256=03697a0878001312c0666792c8ebbe65cce40256900061d934c1bbf3d59abbd4
block	condition	module	path	L	n	warmup_ns	fuel_consumed	samples_ns
0	B	A1	shipped execute_ephemeral	1000	43	14616300	0	14547400 14610300 14444400 14456700 14492100 14457800 14597300 14589400 14712100 14505300 14603200 18362400 18242800 14926900 14469400 14574800 14488200 14542600 15295600 15310900 16196000 15362900 14516300 14548400 14491700 14521100 14500800 14847500 14503400 14526500 14517800 14446700 14704100 14443500 14884800 14465500 14524400 14439900 14556300 14540100 14492900 14501300 14493100
1	A'	A0	mirror, wasmtime fuel on	1000	30	36721000	6007016	36633600 36633100 37796100 36736100 37094900 36707300 38007600 36602800 36542400 36867900 37767300 36610400 36602400 36569900 36693100 36609900 36711000 36698100 36659700 36663000 38041800 36708300 37431200 36608300 36790500 36541500 36675300 36682600 36602900 36987700
2	A'	A0	mirror, wasmtime fuel on	500	30	9215400	1503516	9195900 9519600 9317800 9246000 9193500 9250900 9439000 9278800 9159000 9315600 9271600 9475100 9613200 9510900 9294600 9206700 9218700 9208300 9239800 9573700 9173300 9215800 9167800 9573700 9209800 9194700 9396500 9231100 9222800 9206700
3	D	A0	mirror, wasmtime fuel off	1000	30	31817000	6007016	31778200 31747300 31871200 31838800 31838300 31973800 31888400 31837500 31995400 31854200 31935400 31794400 32019600 31802500 31784600 31784500 31789500 31790800 31748500 31765400 31849100 32312600 31819600 33334700 32605500 32264900 31847000 32045200 31844600 31734800
4	A'	A0	mirror, wasmtime fuel on	0	31	51900	8	34700 32300 31500 31700 32700 39300 32400 31600 31000 31000 31400 31700 31200 31100 31000 30600 31000 31300 31100 31200 31000 30900 31000 31100 31600 31300 31000 30800 31300 31100 31200
5	C	A1	mirror, wasmtime fuel off	1000	30	9018300	0	8978800 9000100 8975800 9100200 9021400 8983500 9015600 8977500 9035200 9004200 9047300 9009200 9027700 9009200 8975500 9319400 8981400 9015700 9043000 8989600 9031400 8977800 9042600 8972500 9005100 9056900 8977700 9007400 9007000 9096900
6	B'	A1	mirror, wasmtime fuel on	0	30	48400	0	34300 31800 31300 31000 31300 32200 31300 31100 33200 31600 31400 30600 31300 31400 30800 31200 31400 31200 31200 30800 30600 37200 33600 31300 31500 31000 31200 30700 31100 30300
7	B	A1	shipped execute_ephemeral	0	30	92900	0	62800 59200 57700 56900 56600 57200 56600 56700 57000 56500 56200 56200 56700 57400 57100 56800 56800 56700 56000 56600 56400 56900 56500 56600 56000 55900 55900 62700 60700 57200
8	A'	A0	mirror, wasmtime fuel on	100	48	427100	60714	404200 397600 401900 406000 398700 406900 402500 399700 406100 409900 398200 409800 411600 406700 400200 401700 402700 492900 496300 406100 414500 401900 409700 401500 401000 401800 411600 406800 399800 413900 399700 396400 415400 401100 396800 408400 415700 400100 402500 398500 396300 416100 406600 397000 399400 397900 403300 397700
9	A	A0	shipped execute_ephemeral	100	30	4308900	60714	432400 427300 430500 438500 424500 438700 431700 425900 423400 421300 422600 427000 424300 424300 436700 438500 428600 425400 438300 425400 443300 424300 436700 422900 421600 438100 425000 421700 438100 420900
10	C	A1	mirror, wasmtime fuel off	0	30	53300	0	34500 32000 31900 31000 31100 31100 31100 31100 31100 31100 31200 31300 31100 31400 31100 31200 31100 30900 31200 31100 31100 31200 31200 31100 31100 31100 30400 31800 31100 31100
11	C	A1	mirror, wasmtime fuel off	500	30	2322000	0	2275600 2308900 2275300 2290100 2275600 2274100 2370700 2297700 2274000 2272800 2272300 2285600 2271500 2306000 2282100 2329000 2277800 2272600 2272000 2286900 2316000 2283400 2273600 2286900 2272300 2276900 2275600 2342600 2282700 2299400
12	B	A1	shipped execute_ephemeral	500	49	7218000	0	3811500 3672700 3656000 3660900 3696800 3659300 3651200 3708400 3657800 3678800 3657700 3652200 3662900 3747900 3663200 3655900 3692000 4248200 4963300 3672500 3669300 3723200 3661100 3653200 3696500 3709100 3674100 3658300 3653000 3662400 3707500 3661500 3655500 3691600 3710000 3667900 3667900 3661000 3693100 3666500 3656300 3649100 3696200 3697100 3660400 3652200 3670600 3698700 3660200
13	A	A0	shipped execute_ephemeral	1000	30	40210200	6007016	37654000 36420200 37734900 36402300 36558500 36581300 36528600 36512000 36553600 37710000 37726000 37700900 36407700 36559200 36451800 36479200 36567200 37861000 38054100 36809700 37822000 37950700 36503400 36637600 36501700 36373500 36624400 38014600 36433100 36368000
14	A	A0	shipped execute_ephemeral	0	30	84500	8	62200 59300 65300 59800 58200 57500 56900 57300 57200 57200 56800 57400 56700 57700 56700 56800 56600 57600 56800 56600 58000 57100 57400 57800 56800 56600 57800 56800 56800 56900
15	A	A0	shipped execute_ephemeral	500	30	9148700	1503516	9455900 9156100 9228200 9126100 9230400 9159900 9476400 9215600 9423300 9318400 9170000 9181800 9514100 9136500 9217900 9157600 9577000 9131700 9464500 9617600 9180100 9773100 9167000 9436600 9395400 9108800 9220600 9160900 9159100 9360700
16	B'	A1	mirror, wasmtime fuel on	100	32	205800	0	182300 226700 185600 177600 175600 176500 175600 175500 176200 176000 175700 175300 181200 177200 175000 174800 174400 175000 174600 175100 174300 174600 175000 179600 176600 174800 174700 175200 174200 175200 174900 175000
17	B'	A1	mirror, wasmtime fuel on	1000	30	14496800	0	14775900 14415800 14559400 14566500 14581800 14578100 14574000 14622800 14430600 14437100 14474500 14499500 14419100 14463200 14381200 14431600 14441300 14404900 14415700 14415100 14457600 14436700 14455500 14826000 14455800 14457900 14438800 14388400 14801900 14425300
18	B'	A1	mirror, wasmtime fuel on	500	32	3643000	0	3743900 5595600 3721200 3647600 3680100 3669300 3641900 3654500 3718100 3673500 3653000 3655300 3652700 3692900 3670900 3656800 3740500 3711400 3687400 3661300 3665000 3746200 3671300 3639500 3645100 3665700 3755000 3659900 3668900 3661600 3728500 3647400
19	D	A0	mirror, wasmtime fuel off	0	31	47900	8	43400 34500 32100 31900 36100 35300 31600 32700 32600 30900 31400 31300 30800 31300 31300 31300 30800 31900 31300 31100 31000 31300 31000 32900 34900 33400 30800 31100 33200 32400 32400
20	B	A1	shipped execute_ephemeral	100	53	3937000	0	214900 209200 205600 205900 209500 216900 209500 213800 208100 202700 202400 201900 202700 203700 205800 204400 207300 216400 205900 207500 205000 239200 277800 211300 203900 203100 212300 206000 202600 203300 202000 201700 201100 206100 204800 200900 213300 202300 201900 203100 201600 201700 202500 200400 200900 205500 205600 202200 202600 201700 205700 201100 206700
21	C	A1	mirror, wasmtime fuel off	100	30	149200	0	128900 133800 134500 124200 121800 119800 121600 121300 121900 119500 122600 119500 119600 119600 122800 118900 122200 118900 118200 124500 124000 119500 118800 121200 121500 120300 119900 121500 119600 121100
22	D	A0	mirror, wasmtime fuel off	500	30	8170800	1503516	7968100 8021300 7970700 8093500 8006000 8035900 8001100 8122600 8010900 8060800 8007600 8148600 7954300 8062800 7988300 8062500 7992400 8002100 7975100 8096900 7967700 8002500 8001300 8131000 7987500 9057900 7977400 8060100 7984600 8010000
23	D	A0	mirror, wasmtime fuel off	100	30	367300	60714	360200 361200 355000 352700 359100 354500 354000 352300 355300 357800 356400 356100 357100 355200 356200 357400 355700 356300 355500 351600 354700 358100 354400 377000 377700 359800 400600 355800 352800 353700
